id,title,description
f57ee427-29d0-417d-a87d-137e966ca0b4,dhfljkashdgkas,"if you like
coffe hot let me be your coffe pot you  call the shots baby

"
e6f70805-f76f-4b74-b90f-606c2dab0e87,hehh,hello
8c796b30-e6db-4e20-bcac-0cbf22806ad6,hey bro,i m fin
2c387a24-b776-4701-9df9-18677a01a403,bro=======,aaaaa
1e29a63c-bc8b-4659-b7f9-a019f2002514,hiiii,jshfjsafl
61cc0374-db0b-49e7-ab66-41a80cd2d039,mdjfbhskdj,slfhds
e3b8e7f0-0a0a-4b6d-8069-b9f4752bbdc3,hello,how are you
f6e90a27-7f42-4f18-a8c3-f479aeef88c5,hi bro,hello
dde35c1a-610b-47c5-9ba4-4da3f3e87d96,hellllllllllllllllllllllllll,if you like coffe hot let me be yours coffe pot
19ff18f2-08c8-4a8b-8142-f5aa93c35a73,;fjadasflkjasaslkghjajg,dfjg
d4c842a4-1dbb-4b8f-a716-00b4b0cac76c,fghkj,fhgjkl
7fa21f5e-9770-4823-bad2-6ee8466e8642,hiii,hello
84dfdc76-e836-469e-984e-37c48e14ce9f,adlkj,saljsddjndakjdd
ccde7fc0-3fd8-435b-8c58-bc2be0a6a6f3,hdfjsajf,jjlsd
a1c6e0c9-43c1-4c22-bbea-7980cd81d712,d,s
942a452e-673a-446d-a225-8d8b29fa0638,erdaulet,nurdos
b8c4e5aa-7161-4f7b-a88e-c5bb487927b9,nsdkn,smdsnmasmn
34668748-e925-4e30-bcc5-37b641f6cc5d,s.ldfjaskdf,a.skdfnklsad
